https://amzn.to/3RRh0vX,"MOMOMUS Fouta de Plage XXL Anti-Sable, avec Franges et 100% Coton - Grande Serviette de Plage XXL sans Sable, Couverture de Pique-Nique ou Grand Paréo - Vert de Mer, 210x240 cm"
https://amzn.to/3S6bplr,"MYCARBON Pèse Valise de Voyage Électronique - Balance Bagage Numérique Max 50Kg/110Lb (LB,g,Oz,kg) avec Fonction Tare, Portable, Pile Fournie "
https://amzn.to/4fvf9qH,"Pro Breeze AirFlo Mini Turbo – Ventilateur de Bureau Silencieux Ultra Puissant, 3 Vitesses, Inclinaison 90°, Ventilateur Compact pour Chambre, Bureau & Maison, Rafraîchissement Instantané"
https://amzn.to/3PwacmS,"GRIFEMA Pulvérisateur d'Eau 200 ml Blanc – Spray Réutilisable à Brume Fine pour Cheveux, Visage, Plantes et Soins Personnels, GE2003W-200"
https://amzn.to/4dzMG1p,The Ordinary Tonique Exfoliant à l'Acide Glycolique 7%
https://amzn.to/4dCC6qA,"Amazon Essentials Ensemble de 4 Cubes de Rangement, Organisateurs de Voyage avec Double Fermeture Éclair, Dessus en Maille, 100% Polyester, Taille M, Noir (Anciennement Amazon Basics)"
https://amzn.to/3Ps8keT,"HOVVIDA Ruban LED 5M, 30 LED/Mètre, 1x5M, 24V RVB Bande LED, 150 LED, APP et Télécommande, Synchronisation de la Musique, Mode Minuterie, pour Chambre, Salle de Jeux, Fête, Festival"
https://amzn.to/4fdM6Yu,"Beurer BiteX Go Deep Black Dispositif contre les démangeaisons pour smartphone, traitement des piqûres et des morsures d'insectes, dispositif pour Android et iPhone (USB‑C), avec lumière"
https://amzn.to/49qRe7M,"CITÉTOILE Gilet de Sauvetage pour Chien, Gilet de Sauvetage pour Chien avec poignée et réfléchissant, avec Une Bonne flottabilité, léger et sûr pour Les Sports Nautiques, Gris, M"
https://amzn.to/4nWsdHI,"Pecute Tapis Rafraichissant Chien, Chat | M 65 * 50cm| 2021 Mise à Niveau - Reste Froid Plus Longtemps| Plus Durable - Résistant Aux Rayures(Gris)"
