id,formula,headline,subhead,cta,brand,price,rating,review_count,big_number,sticker_1,sticker_2,sticker_3,product_image,link,board,description,hashtags
pin-001-aesthetic-lifestyle,aesthetic-lifestyle,aesthetic room for a Pinterest summer,Shop the category,Shop the category,summerfindslab.com,,,,,SHOP THE EDIT,,,https://m.media-amazon.com/images/I/810zRr73SwL._AC_SL1500_.jpg,https://summerfindslab.com/category/aesthetic-room?utm_source=pinterest&utm_medium=social&utm_campaign=summer-2026,Aesthetic Room | Summer Finds Lab,"aesthetic room for a Pinterest summer — Pinterest energy on a budget Tap to shop the link. Keywords: amazon summer finds, viral tiktok products, summer 2026, aesthetic room, amazon finds under 25, aesthetic amazon. #summerfinds #amazonfinds #summer2026 #pinterestaesthetic #aestheticroom #trendingnow",#summerfinds #amazonfinds #summer2026 #pinterestaesthetic #aestheticroom #trendingnow
pin-002-aesthetic-lifestyle,aesthetic-lifestyle,The only pet summer list you need,Shop the category,Shop the category,summerfindslab.com,,,,,SHOP THE EDIT,,,https://m.media-amazon.com/images/I/710dsUc1UxL._AC_SL1500_.jpg,https://summerfindslab.com/category/pet-summer?utm_source=pinterest&utm_medium=social&utm_campaign=summer-2026,Pet Summer | Summer Finds Lab,"The only pet summer list you need — Cool, safe and happy companions Tap to shop the link. Keywords: amazon summer finds, viral tiktok products, summer 2026, pet summer, amazon finds under 25, aesthetic amazon. #summerfinds #amazonfinds #summer2026 #pinterestaesthetic #petsummer #trendingnow",#summerfinds #amazonfinds #summer2026 #pinterestaesthetic #petsummer #trendingnow
pin-003-moodboard-grid,moodboard-grid,Amazon summer gadgets that look luxe,Shop the category,Shop the category,summerfindslab.com,,,,,SHOP THE EDIT,,,https://m.media-amazon.com/images/I/817RKjrgrIL._AC_SL1500_.jpg,https://summerfindslab.com/category/summer-gadgets?utm_source=pinterest&utm_medium=social&utm_campaign=summer-2026,Summer Gadgets | Summer Finds Lab,"Amazon summer gadgets that look luxe — Smart picks that beat the heat Tap to shop the link. Keywords: amazon summer finds, viral tiktok products, summer 2026, summer gadgets, amazon finds under 25, aesthetic amazon. #summerfinds #amazonfinds #summer2026 #pinterestaesthetic #summergadgets #trendingnow",#summerfinds #amazonfinds #summer2026 #pinterestaesthetic #summergadgets #trendingnow
pin-004-secret-roundup,secret-roundup,The aesthetic summer skincare starter pack,Shop the category,Shop the category,summerfindslab.com,,,,,SHOP THE EDIT,,,https://m.media-amazon.com/images/I/5147PCBYBnL._AC_SL1500_.jpg,https://summerfindslab.com/category/skincare-summer?utm_source=pinterest&utm_medium=social&utm_campaign=summer-2026,Summer Skincare | Summer Finds Lab,"The aesthetic summer skincare starter pack — SPF-friendly faves and after-sun heroes Tap to shop the link. Keywords: amazon summer finds, viral tiktok products, summer 2026, skincare summer, amazon finds under 25, aesthetic amazon. #summerfinds #amazonfinds #summer2026 #pinterestaesthetic #skincaresummer #trendingnow",#summerfinds #amazonfinds #summer2026 #pinterestaesthetic #skincaresummer #trendingnow
pin-005-secret-roundup,secret-roundup,The aesthetic viral tiktok finds starter pack,Shop the category,Shop the category,summerfindslab.com,,,,,SHOP THE EDIT,,,https://m.media-amazon.com/images/I/810zRr73SwL._AC_SL1500_.jpg,https://summerfindslab.com/category/tiktok-finds?utm_source=pinterest&utm_medium=social&utm_campaign=summer-2026,Viral TikTok Finds | Summer Finds Lab,"The aesthetic viral tiktok finds starter pack — The internet made us buy it Tap to shop the link. Keywords: amazon summer finds, viral tiktok products, summer 2026, tiktok finds, amazon finds under 25, aesthetic amazon. #summerfinds #amazonfinds #summer2026 #pinterestaesthetic #tiktokfinds #trendingnow",#summerfinds #amazonfinds #summer2026 #pinterestaesthetic #tiktokfinds #trendingnow
pin-006-secret-roundup,secret-roundup,The only beach essentials list you need,Shop the category,Shop the category,summerfindslab.com,,,,,SHOP THE EDIT,,,https://m.media-amazon.com/images/I/81TlKWis2AL._AC_SL1500_.jpg,https://summerfindslab.com/category/beach-essentials?utm_source=pinterest&utm_medium=social&utm_campaign=summer-2026,Beach Essentials | Summer Finds Lab,"The only beach essentials list you need — Sand, sun and zero stress Tap to shop the link. Keywords: amazon summer finds, viral tiktok products, summer 2026, beach essentials, amazon finds under 25, aesthetic amazon. #summerfinds #amazonfinds #summer2026 #pinterestaesthetic #beachessentials #trendingnow",#summerfinds #amazonfinds #summer2026 #pinterestaesthetic #beachessentials #trendingnow
pin-007-secret-roundup,secret-roundup,travel accessories for a Pinterest summer,Shop the category,Shop the category,summerfindslab.com,,,,,SHOP THE EDIT,,,https://m.media-amazon.com/images/I/71N+WgSaPzL._AC_SL1500_.jpg,https://summerfindslab.com/category/travel?utm_source=pinterest&utm_medium=social&utm_campaign=summer-2026,Travel Accessories | Summer Finds Lab,"travel accessories for a Pinterest summer — Pack lighter, travel smarter Tap to shop the link. Keywords: amazon summer finds, viral tiktok products, summer 2026, travel, amazon finds under 25, aesthetic amazon. #summerfinds #amazonfinds #summer2026 #pinterestaesthetic #travel #trendingnow",#summerfinds #amazonfinds #summer2026 #pinterestaesthetic #travel #trendingnow
pin-008-moodboard-grid,moodboard-grid,6 travel finds that fit in your carry-on,Read the editor-tested list,Read the editor-tested list,summerfindslab.com,,,,6,EDITOR-TESTED,SAVE THE LIST,,,https://summerfindslab.com/guides/best-tiktok-products-summer-2026?utm_source=pinterest&utm_medium=social&utm_campaign=summer-2026,tiktok-finds guides | Summer Finds Lab,"6 travel finds that fit in your carry-on — Some viral picks fizzle in a week. Others actually solve a problem. We tested the ten most-shared TikTok summer products of 2026 and the seven below earned the recommendation. Tap to shop the link. Keywords: amazon summer finds, viral tiktok products, summer 2026, tiktok finds, amazon finds under 25, aesthetic amazon. #summerfinds #amazonfinds #summer2026 #pinterestaesthetic #tiktokfinds #trendingnow",#summerfinds #amazonfinds #summer2026 #pinterestaesthetic #tiktokfinds #trendingnow
pin-009-moodboard-grid,moodboard-grid,6 viral Amazon finds for under $25,Read the editor-tested list,Read the editor-tested list,summerfindslab.com,,,,6,EDITOR-TESTED,SAVE THE LIST,,,https://summerfindslab.com/guides/best-summer-gadgets-2026?utm_source=pinterest&utm_medium=social&utm_campaign=summer-2026,summer-gadgets guides | Summer Finds Lab,"6 viral Amazon finds for under $25 — We tested twelve of the most-talked-about summer gadgets of 2026 across travel, beach and aesthetic-home categories. Below is the shortlist that survived a full month of real-world use, with editor notes on what actually works and what was hype. Tap to shop the link. Keywords: amazon summer finds, viral tiktok products, summer 2026, summer gadgets, amazon finds under 25, aesthetic amazon. #summerfinds #amazonfinds #summer2026 #pinterestaesthetic #summergadget",#summerfinds #amazonfinds #summer2026 #pinterestaesthetic #summergadgets #trendingnow
pin-010-secret-roundup,secret-roundup,4 aesthetic Amazon finds for summer,Read the editor-tested list,Read the editor-tested list,summerfindslab.com,,,,4,EDITOR-TESTED,SAVE THE LIST,,,https://summerfindslab.com/guides/best-beach-essentials-2026?utm_source=pinterest&utm_medium=social&utm_campaign=summer-2026,beach-essentials guides | Summer Finds Lab,"4 aesthetic Amazon finds for summer — Six weeks of sun, sand and salt-water testing produced this shortlist. Each item below survived multiple full beach days, a salt rinse and a hot car trunk. Tap to shop the link. Keywords: amazon summer finds, viral tiktok products, summer 2026, beach essentials, amazon finds under 25, aesthetic amazon. #summerfinds #amazonfinds #summer2026 #pinterestaesthetic #beachessentials #trendingnow",#summerfinds #amazonfinds #summer2026 #pinterestaesthetic #beachessentials #trendingnow
pin-011-aesthetic-lifestyle,aesthetic-lifestyle,POV: you find the perfect Amazon summer find,Tap to shop on Amazon,Tap to shop on Amazon,summerfindslab.com,,,,,AMAZON FIND,,,https://m.media-amazon.com/images/I/71zkAxSxDlL._AC_SL1500_.jpg,https://amzn.to/4fdM6Yu?utm_source=pinterest&utm_medium=social&utm_campaign=summer-2026,summer-gadgets | Summer Finds Lab,"POV: you find the perfect Amazon summer find — Smartphone-powered heat device that calms insect bites in minutes — no creams, no chemicals, fits in a pocket. Tap to shop the link. Keywords: amazon summer finds, viral tiktok products, summer 2026, summer gadgets, amazon finds under 25, aesthetic amazon. #summerfinds #amazonfinds #summer2026 #pinterestaesthetic #summergadgets #under25",#summerfinds #amazonfinds #summer2026 #pinterestaesthetic #summergadgets #under25
pin-012-aesthetic-lifestyle,aesthetic-lifestyle,This luggage scale is selling out (again),Tap to shop on Amazon,Tap to shop on Amazon,summerfindslab.com,,,,,AMAZON FIND,,,https://m.media-amazon.com/images/I/61Sy4xEJ-9L._AC_SL1500_.jpg,https://amzn.to/3S6bplr?utm_source=pinterest&utm_medium=social&utm_campaign=summer-2026,travel | Summer Finds Lab,"This luggage scale is selling out (again) — Pocket-sized luggage scale that saves you from airline overweight fees. Reads up to 50 kg in four units, runs on a single battery. Tap to shop the link. Keywords: amazon summer finds, viral tiktok products, summer 2026, travel, amazon finds under 25, aesthetic amazon. #summerfinds #amazonfinds #summer2026 #pinterestaesthetic #travel #under25",#summerfinds #amazonfinds #summer2026 #pinterestaesthetic #travel #under25
pin-013-aesthetic-lifestyle,aesthetic-lifestyle,Worth every penny,Tap to shop on Amazon,Tap to shop on Amazon,summerfindslab.com,,,,,AMAZON FIND,,,https://m.media-amazon.com/images/I/817RKjrgrIL._AC_SL1500_.jpg,https://amzn.to/4fvf9qH?utm_source=pinterest&utm_medium=social&utm_campaign=summer-2026,summer-gadgets | Summer Finds Lab,"Worth every penny — Compact, surprisingly quiet and powerful — three speeds and a 90° tilt make it a plug-and-play desk and bedside cooler. Tap to shop the link. Keywords: amazon summer finds, viral tiktok products, summer 2026, summer gadgets, amazon finds under 25, aesthetic amazon. #summerfinds #amazonfinds #summer2026 #pinterestaesthetic #summergadgets #under25",#summerfinds #amazonfinds #summer2026 #pinterestaesthetic #summergadgets #under25
pin-014-bold-number-list,bold-number-list,This Amazon summer find is selling out (again),Tap to shop on Amazon,Tap to shop on Amazon,summerfindslab.com,,,,,AMAZON FIND,,,https://m.media-amazon.com/images/I/817RKjrgrIL._AC_SL1500_.jpg,https://amzn.to/4fvf9qH?utm_source=pinterest&utm_medium=social&utm_campaign=summer-2026,summer-gadgets | Summer Finds Lab,"This Amazon summer find is selling out (again) — Compact, surprisingly quiet and powerful — three speeds and a 90° tilt make it a plug-and-play desk and bedside cooler. Tap to shop the link. Keywords: amazon summer finds, viral tiktok products, summer 2026, summer gadgets, amazon finds under 25, aesthetic amazon. #summerfinds #amazonfinds #summer2026 #pinterestaesthetic #summergadgets #under25",#summerfinds #amazonfinds #summer2026 #pinterestaesthetic #summergadgets #under25
pin-015-bold-number-list,bold-number-list,Under $25 and selling out,Tap to shop on Amazon,Tap to shop on Amazon,summerfindslab.com,,,,25,AMAZON FIND,,,https://m.media-amazon.com/images/I/710dsUc1UxL._AC_SL1500_.jpg,https://amzn.to/49qRe7M?utm_source=pinterest&utm_medium=social&utm_campaign=summer-2026,pet-summer | Summer Finds Lab,"Under $25 and selling out — Reflective, buoyant pet life jacket with a sturdy handle — built for confident summer days at the lake or pool. Tap to shop the link. Keywords: amazon summer finds, viral tiktok products, summer 2026, pet summer, amazon finds under 25, aesthetic amazon. #summerfinds #amazonfinds #summer2026 #pinterestaesthetic #petsummer",#summerfinds #amazonfinds #summer2026 #pinterestaesthetic #petsummer
pin-016-curiosity-gap,curiosity-gap,"Amazon, what is this Amazon summer find?",Tap to shop on Amazon,Tap to shop on Amazon,summerfindslab.com,,,,,AMAZON FIND,,,https://m.media-amazon.com/images/I/5147PCBYBnL._AC_SL1500_.jpg,https://amzn.to/4dzMG1p?utm_source=pinterest&utm_medium=social&utm_campaign=summer-2026,skincare-summer | Summer Finds Lab,"Amazon, what is this Amazon summer find? — A cult skincare staple that earns its hype. Light, fast-absorbing and friendly with summer SPF routines. Tap to shop the link. Keywords: amazon summer finds, viral tiktok products, summer 2026, skincare summer, amazon finds under 25, aesthetic amazon. #summerfinds #amazonfinds #summer2026 #pinterestaesthetic #skincaresummer #under25",#summerfinds #amazonfinds #summer2026 #pinterestaesthetic #skincaresummer #under25
pin-017-curiosity-gap,curiosity-gap,TikTok made me buy this beach towel,Tap to shop on Amazon,Tap to shop on Amazon,summerfindslab.com,,,,,AMAZON FIND,,,https://m.media-amazon.com/images/I/81TlKWis2AL._AC_SL1500_.jpg,https://amzn.to/3RRh0vX?utm_source=pinterest&utm_medium=social&utm_campaign=summer-2026,beach-essentials | Summer Finds Lab,"TikTok made me buy this beach towel — Oversized, sand-free and quick-drying. The beach blanket that earns its bag space — pairs as a picnic throw, paréo or oversized scarf. Tap to shop the link. Keywords: amazon summer finds, viral tiktok products, summer 2026, beach essentials, amazon finds under 25, aesthetic amazon. #summerfinds #amazonfinds #summer2026 #pinterestaesthetic #beachessentials #tiktokmademebuyit #under25 #trendingnow",#summerfinds #amazonfinds #summer2026 #pinterestaesthetic #beachessentials #tiktokmademebuyit #under25 #trendingnow
pin-018-curiosity-gap,curiosity-gap,Under $25 and selling out,Tap to shop on Amazon,Tap to shop on Amazon,summerfindslab.com,,,,25,AMAZON FIND,,,https://m.media-amazon.com/images/I/810zRr73SwL._AC_SL1500_.jpg,https://amzn.to/3Ps8keT?utm_source=pinterest&utm_medium=social&utm_campaign=summer-2026,aesthetic-room | Summer Finds Lab,"Under $25 and selling out — RGB LED strip with app + music sync — the easy aesthetic upgrade that quietly transforms any room into a Pinterest mood board. Tap to shop the link. Keywords: amazon summer finds, viral tiktok products, summer 2026, aesthetic room, amazon finds under 25, aesthetic amazon. #summerfinds #amazonfinds #summer2026 #pinterestaesthetic #aestheticroom #tiktokmademebuyit #under25",#summerfinds #amazonfinds #summer2026 #pinterestaesthetic #aestheticroom #tiktokmademebuyit #under25
pin-019-curiosity-gap,curiosity-gap,Worth every penny,Tap to shop on Amazon,Tap to shop on Amazon,summerfindslab.com,,,,,AMAZON FIND,,,https://m.media-amazon.com/images/I/41NpMLUkyiL._AC_SL1500_.jpg,https://amzn.to/3PwacmS?utm_source=pinterest&utm_medium=social&utm_campaign=summer-2026,summer-gadgets | Summer Finds Lab,"Worth every penny — Refillable fine-mist spray bottle for hair, skin and plants. The under-$10 multipurpose tool you'll actually keep using all summer. Tap to shop the link. Keywords: amazon summer finds, viral tiktok products, summer 2026, summer gadgets, amazon finds under 25, aesthetic amazon. #summerfinds #amazonfinds #summer2026 #pinterestaesthetic #summergadgets #under25",#summerfinds #amazonfinds #summer2026 #pinterestaesthetic #summergadgets #under25
pin-020-curiosity-gap,curiosity-gap,Worth every penny,Tap to shop on Amazon,Tap to shop on Amazon,summerfindslab.com,,,,,AMAZON FIND,,,https://m.media-amazon.com/images/I/71N+WgSaPzL._AC_SL1500_.jpg,https://amzn.to/4dCC6qA?utm_source=pinterest&utm_medium=social&utm_campaign=summer-2026,travel | Summer Finds Lab,"Worth every penny — Four-cube packing set that turns chaotic suitcases into clean, browsable layers. The single best $20 you'll spend before a trip. Tap to shop the link. Keywords: amazon summer finds, viral tiktok products, summer 2026, travel, amazon finds under 25, aesthetic amazon. #summerfinds #amazonfinds #summer2026 #pinterestaesthetic #travel #under25",#summerfinds #amazonfinds #summer2026 #pinterestaesthetic #travel #under25
pin-021-headline-stat,headline-stat,This Amazon summer find >>> everything else,Tap to shop on Amazon,Tap to shop on Amazon,summerfindslab.com,,,,,AMAZON FIND,,,https://m.media-amazon.com/images/I/71N+WgSaPzL._AC_SL1500_.jpg,https://amzn.to/4dCC6qA?utm_source=pinterest&utm_medium=social&utm_campaign=summer-2026,travel | Summer Finds Lab,"This Amazon summer find >>> everything else — Four-cube packing set that turns chaotic suitcases into clean, browsable layers. The single best $20 you'll spend before a trip. Tap to shop the link. Keywords: amazon summer finds, viral tiktok products, summer 2026, travel, amazon finds under 25, aesthetic amazon. #summerfinds #amazonfinds #summer2026 #pinterestaesthetic #travel #under25",#summerfinds #amazonfinds #summer2026 #pinterestaesthetic #travel #under25
pin-022-headline-stat,headline-stat,This Amazon summer find >>> everything else,Tap to shop on Amazon,Tap to shop on Amazon,summerfindslab.com,,,,,AMAZON FIND,,,https://m.media-amazon.com/images/I/810zRr73SwL._AC_SL1500_.jpg,https://amzn.to/3Ps8keT?utm_source=pinterest&utm_medium=social&utm_campaign=summer-2026,aesthetic-room | Summer Finds Lab,"This Amazon summer find >>> everything else — RGB LED strip with app + music sync — the easy aesthetic upgrade that quietly transforms any room into a Pinterest mood board. Tap to shop the link. Keywords: amazon summer finds, viral tiktok products, summer 2026, aesthetic room, amazon finds under 25, aesthetic amazon. #summerfinds #amazonfinds #summer2026 #pinterestaesthetic #aestheticroom #tiktokmademebuyit #under25",#summerfinds #amazonfinds #summer2026 #pinterestaesthetic #aestheticroom #tiktokmademebuyit #under25
pin-023-headline-stat,headline-stat,Why is everyone buying this beach towel?,Tap to shop on Amazon,Tap to shop on Amazon,summerfindslab.com,,,,,AMAZON FIND,,,https://m.media-amazon.com/images/I/81TlKWis2AL._AC_SL1500_.jpg,https://amzn.to/3RRh0vX?utm_source=pinterest&utm_medium=social&utm_campaign=summer-2026,beach-essentials | Summer Finds Lab,"Why is everyone buying this beach towel? — Oversized, sand-free and quick-drying. The beach blanket that earns its bag space — pairs as a picnic throw, paréo or oversized scarf. Tap to shop the link. Keywords: amazon summer finds, viral tiktok products, summer 2026, beach essentials, amazon finds under 25, aesthetic amazon. #summerfinds #amazonfinds #summer2026 #pinterestaesthetic #beachessentials #tiktokmademebuyit #under25 #trendingnow",#summerfinds #amazonfinds #summer2026 #pinterestaesthetic #beachessentials #tiktokmademebuyit #under25 #trendingnow
pin-024-moodboard-grid,moodboard-grid,"Amazon, what is this mist spray?",Tap to shop on Amazon,Tap to shop on Amazon,summerfindslab.com,,,,,AMAZON FIND,,,https://m.media-amazon.com/images/I/41NpMLUkyiL._AC_SL1500_.jpg,https://amzn.to/3PwacmS?utm_source=pinterest&utm_medium=social&utm_campaign=summer-2026,summer-gadgets | Summer Finds Lab,"Amazon, what is this mist spray? — Refillable fine-mist spray bottle for hair, skin and plants. The under-$10 multipurpose tool you'll actually keep using all summer. Tap to shop the link. Keywords: amazon summer finds, viral tiktok products, summer 2026, summer gadgets, amazon finds under 25, aesthetic amazon. #summerfinds #amazonfinds #summer2026 #pinterestaesthetic #summergadgets #under25",#summerfinds #amazonfinds #summer2026 #pinterestaesthetic #summergadgets #under25
pin-025-moodboard-grid,moodboard-grid,Save this before it sells out,Tap to shop on Amazon,Tap to shop on Amazon,summerfindslab.com,,,,,AMAZON FIND,,,https://m.media-amazon.com/images/I/5147PCBYBnL._AC_SL1500_.jpg,https://amzn.to/4dzMG1p?utm_source=pinterest&utm_medium=social&utm_campaign=summer-2026,skincare-summer | Summer Finds Lab,"Save this before it sells out — A cult skincare staple that earns its hype. Light, fast-absorbing and friendly with summer SPF routines. Tap to shop the link. Keywords: amazon summer finds, viral tiktok products, summer 2026, skincare summer, amazon finds under 25, aesthetic amazon. #summerfinds #amazonfinds #summer2026 #pinterestaesthetic #skincaresummer #under25",#summerfinds #amazonfinds #summer2026 #pinterestaesthetic #skincaresummer #under25
pin-026-neon-sticker-tiktok,neon-sticker-tiktok,I'm gatekeeping this Amazon summer find,Tap to shop on Amazon,Tap to shop on Amazon,summerfindslab.com,,,,,AMAZON FIND,UNDER $25,TIKTOK FAVE,https://m.media-amazon.com/images/I/5147PCBYBnL._AC_SL1500_.jpg,https://amzn.to/4dzMG1p?utm_source=pinterest&utm_medium=social&utm_campaign=summer-2026,skincare-summer | Summer Finds Lab,"I'm gatekeeping this Amazon summer find — A cult skincare staple that earns its hype. Light, fast-absorbing and friendly with summer SPF routines. Tap to shop the link. Keywords: amazon summer finds, viral tiktok products, summer 2026, skincare summer, amazon finds under 25, aesthetic amazon. #summerfinds #amazonfinds #summer2026 #pinterestaesthetic #skincaresummer #under25",#summerfinds #amazonfinds #summer2026 #pinterestaesthetic #skincaresummer #under25
pin-027-neon-sticker-tiktok,neon-sticker-tiktok,Save this before it sells out,Tap to shop on Amazon,Tap to shop on Amazon,summerfindslab.com,,,,,AMAZON FIND,UNDER $25,TIKTOK FAVE,https://m.media-amazon.com/images/I/41NpMLUkyiL._AC_SL1500_.jpg,https://amzn.to/3PwacmS?utm_source=pinterest&utm_medium=social&utm_campaign=summer-2026,summer-gadgets | Summer Finds Lab,"Save this before it sells out — Refillable fine-mist spray bottle for hair, skin and plants. The under-$10 multipurpose tool you'll actually keep using all summer. Tap to shop the link. Keywords: amazon summer finds, viral tiktok products, summer 2026, summer gadgets, amazon finds under 25, aesthetic amazon. #summerfinds #amazonfinds #summer2026 #pinterestaesthetic #summergadgets #under25",#summerfinds #amazonfinds #summer2026 #pinterestaesthetic #summergadgets #under25
pin-028-neon-sticker-tiktok,neon-sticker-tiktok,Why is everyone buying this Amazon summer find?,Tap to shop on Amazon,Tap to shop on Amazon,summerfindslab.com,,,,,AMAZON FIND,UNDER $25,TIKTOK FAVE,https://m.media-amazon.com/images/I/710dsUc1UxL._AC_SL1500_.jpg,https://amzn.to/49qRe7M?utm_source=pinterest&utm_medium=social&utm_campaign=summer-2026,pet-summer | Summer Finds Lab,"Why is everyone buying this Amazon summer find? — Reflective, buoyant pet life jacket with a sturdy handle — built for confident summer days at the lake or pool. Tap to shop the link. Keywords: amazon summer finds, viral tiktok products, summer 2026, pet summer, amazon finds under 25, aesthetic amazon. #summerfinds #amazonfinds #summer2026 #pinterestaesthetic #petsummer",#summerfinds #amazonfinds #summer2026 #pinterestaesthetic #petsummer
pin-029-price-tag-find,price-tag-find,"Amazon, what is this Amazon summer find?",Tap to shop on Amazon,Tap to shop on Amazon,summerfindslab.com,,,,,AMAZON FIND,,,https://m.media-amazon.com/images/I/817RKjrgrIL._AC_SL1500_.jpg,https://amzn.to/4fvf9qH?utm_source=pinterest&utm_medium=social&utm_campaign=summer-2026,summer-gadgets | Summer Finds Lab,"Amazon, what is this Amazon summer find? — Compact, surprisingly quiet and powerful — three speeds and a 90° tilt make it a plug-and-play desk and bedside cooler. Tap to shop the link. Keywords: amazon summer finds, viral tiktok products, summer 2026, summer gadgets, amazon finds under 25, aesthetic amazon. #summerfinds #amazonfinds #summer2026 #pinterestaesthetic #summergadgets #under25",#summerfinds #amazonfinds #summer2026 #pinterestaesthetic #summergadgets #under25
pin-030-price-tag-find,price-tag-find,This Amazon summer find is selling out (again),Tap to shop on Amazon,Tap to shop on Amazon,summerfindslab.com,,,,,AMAZON FIND,,,https://m.media-amazon.com/images/I/710dsUc1UxL._AC_SL1500_.jpg,https://amzn.to/49qRe7M?utm_source=pinterest&utm_medium=social&utm_campaign=summer-2026,pet-summer | Summer Finds Lab,"This Amazon summer find is selling out (again) — Reflective, buoyant pet life jacket with a sturdy handle — built for confident summer days at the lake or pool. Tap to shop the link. Keywords: amazon summer finds, viral tiktok products, summer 2026, pet summer, amazon finds under 25, aesthetic amazon. #summerfinds #amazonfinds #summer2026 #pinterestaesthetic #petsummer",#summerfinds #amazonfinds #summer2026 #pinterestaesthetic #petsummer
pin-031-secret-roundup,secret-roundup,Save this before it sells out,Tap to shop on Amazon,Tap to shop on Amazon,summerfindslab.com,,,,,AMAZON FIND,,,https://m.media-amazon.com/images/I/51wWTR+JDoL._AC_SL1500_.jpg,https://amzn.to/4nWsdHI?utm_source=pinterest&utm_medium=social&utm_campaign=summer-2026,pet-summer | Summer Finds Lab,"Save this before it sells out — Self-activating cooling mat that gives pets a cool spot on hot afternoons — no fridge, no electricity, scratch-resistant top. Tap to shop the link. Keywords: amazon summer finds, viral tiktok products, summer 2026, pet summer, amazon finds under 25, aesthetic amazon. #summerfinds #amazonfinds #summer2026 #pinterestaesthetic #petsummer",#summerfinds #amazonfinds #summer2026 #pinterestaesthetic #petsummer
pin-032-secret-roundup,secret-roundup,The luggage scale I won't shut up about,Tap to shop on Amazon,Tap to shop on Amazon,summerfindslab.com,,,,,AMAZON FIND,,,https://m.media-amazon.com/images/I/61Sy4xEJ-9L._AC_SL1500_.jpg,https://amzn.to/3S6bplr?utm_source=pinterest&utm_medium=social&utm_campaign=summer-2026,travel | Summer Finds Lab,"The luggage scale I won't shut up about — Pocket-sized luggage scale that saves you from airline overweight fees. Reads up to 50 kg in four units, runs on a single battery. Tap to shop the link. Keywords: amazon summer finds, viral tiktok products, summer 2026, travel, amazon finds under 25, aesthetic amazon. #summerfinds #amazonfinds #summer2026 #pinterestaesthetic #travel #under25",#summerfinds #amazonfinds #summer2026 #pinterestaesthetic #travel #under25
pin-033-secret-roundup,secret-roundup,This Amazon summer find >>> everything else,Tap to shop on Amazon,Tap to shop on Amazon,summerfindslab.com,,,,,AMAZON FIND,,,https://m.media-amazon.com/images/I/71zkAxSxDlL._AC_SL1500_.jpg,https://amzn.to/4fdM6Yu?utm_source=pinterest&utm_medium=social&utm_campaign=summer-2026,summer-gadgets | Summer Finds Lab,"This Amazon summer find >>> everything else — Smartphone-powered heat device that calms insect bites in minutes — no creams, no chemicals, fits in a pocket. Tap to shop the link. Keywords: amazon summer finds, viral tiktok products, summer 2026, summer gadgets, amazon finds under 25, aesthetic amazon. #summerfinds #amazonfinds #summer2026 #pinterestaesthetic #summergadgets #under25",#summerfinds #amazonfinds #summer2026 #pinterestaesthetic #summergadgets #under25
pin-034-this-vs-that,this-vs-that,I'm gatekeeping this luggage scale,Tap to shop on Amazon,Tap to shop on Amazon,summerfindslab.com,,,,,AMAZON FIND,,,https://m.media-amazon.com/images/I/61Sy4xEJ-9L._AC_SL1500_.jpg,https://amzn.to/3S6bplr?utm_source=pinterest&utm_medium=social&utm_campaign=summer-2026,travel | Summer Finds Lab,"I'm gatekeeping this luggage scale — Pocket-sized luggage scale that saves you from airline overweight fees. Reads up to 50 kg in four units, runs on a single battery. Tap to shop the link. Keywords: amazon summer finds, viral tiktok products, summer 2026, travel, amazon finds under 25, aesthetic amazon. #summerfinds #amazonfinds #summer2026 #pinterestaesthetic #travel #under25",#summerfinds #amazonfinds #summer2026 #pinterestaesthetic #travel #under25
pin-035-this-vs-that,this-vs-that,TikTok made me buy this Amazon summer find,Tap to shop on Amazon,Tap to shop on Amazon,summerfindslab.com,,,,,AMAZON FIND,,,https://m.media-amazon.com/images/I/71zkAxSxDlL._AC_SL1500_.jpg,https://amzn.to/4fdM6Yu?utm_source=pinterest&utm_medium=social&utm_campaign=summer-2026,summer-gadgets | Summer Finds Lab,"TikTok made me buy this Amazon summer find — Smartphone-powered heat device that calms insect bites in minutes — no creams, no chemicals, fits in a pocket. Tap to shop the link. Keywords: amazon summer finds, viral tiktok products, summer 2026, summer gadgets, amazon finds under 25, aesthetic amazon. #summerfinds #amazonfinds #summer2026 #pinterestaesthetic #summergadgets #under25",#summerfinds #amazonfinds #summer2026 #pinterestaesthetic #summergadgets #under25
pin-036-this-vs-that,this-vs-that,Worth every penny,Tap to shop on Amazon,Tap to shop on Amazon,summerfindslab.com,,,,,AMAZON FIND,,,https://m.media-amazon.com/images/I/51wWTR+JDoL._AC_SL1500_.jpg,https://amzn.to/4nWsdHI?utm_source=pinterest&utm_medium=social&utm_campaign=summer-2026,pet-summer | Summer Finds Lab,"Worth every penny — Self-activating cooling mat that gives pets a cool spot on hot afternoons — no fridge, no electricity, scratch-resistant top. Tap to shop the link. Keywords: amazon summer finds, viral tiktok products, summer 2026, pet summer, amazon finds under 25, aesthetic amazon. #summerfinds #amazonfinds #summer2026 #pinterestaesthetic #petsummer",#summerfinds #amazonfinds #summer2026 #pinterestaesthetic #petsummer
pin-037-tutorial-stepper,tutorial-stepper,This Amazon summer find is your sign,Tap to shop on Amazon,Tap to shop on Amazon,summerfindslab.com,,,,,AMAZON FIND,,,https://m.media-amazon.com/images/I/810zRr73SwL._AC_SL1500_.jpg,https://amzn.to/3Ps8keT?utm_source=pinterest&utm_medium=social&utm_campaign=summer-2026,aesthetic-room | Summer Finds Lab,"This Amazon summer find is your sign — RGB LED strip with app + music sync — the easy aesthetic upgrade that quietly transforms any room into a Pinterest mood board. Tap to shop the link. Keywords: amazon summer finds, viral tiktok products, summer 2026, aesthetic room, amazon finds under 25, aesthetic amazon. #summerfinds #amazonfinds #summer2026 #pinterestaesthetic #aestheticroom #tiktokmademebuyit #under25",#summerfinds #amazonfinds #summer2026 #pinterestaesthetic #aestheticroom #tiktokmademebuyit #under25
pin-038-tutorial-stepper,tutorial-stepper,This beach towel is your sign,Tap to shop on Amazon,Tap to shop on Amazon,summerfindslab.com,,,,,AMAZON FIND,,,https://m.media-amazon.com/images/I/81TlKWis2AL._AC_SL1500_.jpg,https://amzn.to/3RRh0vX?utm_source=pinterest&utm_medium=social&utm_campaign=summer-2026,beach-essentials | Summer Finds Lab,"This beach towel is your sign — Oversized, sand-free and quick-drying. The beach blanket that earns its bag space — pairs as a picnic throw, paréo or oversized scarf. Tap to shop the link. Keywords: amazon summer finds, viral tiktok products, summer 2026, beach essentials, amazon finds under 25, aesthetic amazon. #summerfinds #amazonfinds #summer2026 #pinterestaesthetic #beachessentials #tiktokmademebuyit #under25 #trendingnow",#summerfinds #amazonfinds #summer2026 #pinterestaesthetic #beachessentials #tiktokmademebuyit #under25 #trendingnow
pin-039-tutorial-stepper,tutorial-stepper,Under $25 and selling out,Tap to shop on Amazon,Tap to shop on Amazon,summerfindslab.com,,,,25,AMAZON FIND,,,https://m.media-amazon.com/images/I/71N+WgSaPzL._AC_SL1500_.jpg,https://amzn.to/4dCC6qA?utm_source=pinterest&utm_medium=social&utm_campaign=summer-2026,travel | Summer Finds Lab,"Under $25 and selling out — Four-cube packing set that turns chaotic suitcases into clean, browsable layers. The single best $20 you'll spend before a trip. Tap to shop the link. Keywords: amazon summer finds, viral tiktok products, summer 2026, travel, amazon finds under 25, aesthetic amazon. #summerfinds #amazonfinds #summer2026 #pinterestaesthetic #travel #under25",#summerfinds #amazonfinds #summer2026 #pinterestaesthetic #travel #under25
pin-040-tutorial-stepper,tutorial-stepper,Worth every penny,Tap to shop on Amazon,Tap to shop on Amazon,summerfindslab.com,,,,,AMAZON FIND,,,https://m.media-amazon.com/images/I/51wWTR+JDoL._AC_SL1500_.jpg,https://amzn.to/4nWsdHI?utm_source=pinterest&utm_medium=social&utm_campaign=summer-2026,pet-summer | Summer Finds Lab,"Worth every penny — Self-activating cooling mat that gives pets a cool spot on hot afternoons — no fridge, no electricity, scratch-resistant top. Tap to shop the link. Keywords: amazon summer finds, viral tiktok products, summer 2026, pet summer, amazon finds under 25, aesthetic amazon. #summerfinds #amazonfinds #summer2026 #pinterestaesthetic #petsummer",#summerfinds #amazonfinds #summer2026 #pinterestaesthetic #petsummer